column,dominant_value,dominant_share,rare_rows,rare_fraud_rate,fraud_lift,decision,reason
TransactionAmt,59.0,0.05006,448780,,,keep,not near-constant
ProductCD,W,0.73238,126431,,,keep,not near-constant
card1,7919,0.02583,460227,,,keep,not near-constant
card2,321.0,0.08201,433689,,,keep,not near-constant
card3,150.0,0.8802,56595,,,keep,not near-constant
card4,visa,0.65224,164291,,,keep,not near-constant
card5,226.0,0.50207,235237,,,keep,not near-constant
card6,debit,0.74052,122589,,,keep,not near-constant
addr1,nan,0.1138,418671,,,keep,not near-constant
addr2,87.0,0.87788,57692,,,keep,not near-constant
dist1,nan,0.60783,185275,,,keep,not near-constant
dist2,nan,0.93205,32100,,,keep,not near-constant
P_emaildomain,gmail.com,0.38671,289740,,,keep,not near-constant
R_emaildomain,nan,0.7595,113620,,,keep,not near-constant
C1,1.0,0.54473,215085,,,keep,not near-constant
C2,1.0,0.54511,214905,,,keep,not near-constant
C3,0.0,0.99604,1872,0.00053,0.015,keep,rescued: rare values linked to fraud
C4,0.0,0.75676,114914,,,keep,not near-constant
C5,0.0,0.63549,172207,,,keep,not near-constant
C6,1.0,0.58618,195501,,,keep,not near-constant
C7,0.0,0.88297,55289,,,keep,not near-constant
C8,0.0,0.74732,119375,,,keep,not near-constant
C9,1.0,0.37964,293080,,,keep,not near-constant
C10,0.0,0.7573,114659,,,keep,not near-constant
C11,1.0,0.66391,158779,,,keep,not near-constant
C12,0.0,0.84071,75256,,,keep,not near-constant
C13,1.0,0.34911,307500,,,keep,not near-constant
C14,1.0,0.5486,213257,,,keep,not near-constant
D1,0.0,0.48955,241153,,,keep,not near-constant
D2,nan,0.48952,241169,,,keep,not near-constant
D3,nan,0.46071,254780,,,keep,not near-constant
D4,nan,0.29586,332658,,,keep,not near-constant
D5,nan,0.53732,218587,,,keep,not near-constant
D6,nan,0.87621,58483,,,keep,not near-constant
D7,nan,0.93662,29944,,,keep,not near-constant
D8,nan,0.86959,61610,,,keep,not near-constant
D9,nan,0.86959,61610,,,keep,not near-constant
D10,0.0,0.38081,292527,,,keep,not near-constant
D11,nan,0.52065,226459,,,keep,not near-constant
D12,nan,0.88844,52703,,,keep,not near-constant
D13,nan,0.89634,48973,,,keep,not near-constant
D14,nan,0.89451,49836,,,keep,not near-constant
D15,0.0,0.29962,330883,,,keep,not near-constant
M1,nan,0.5044,234137,,,keep,not near-constant
M2,nan,0.5044,234137,,,keep,not near-constant
M3,nan,0.5044,234137,,,keep,not near-constant
M4,nan,0.4809,245241,,,keep,not near-constant
M5,nan,0.60012,188918,,,keep,not near-constant
M6,F,0.37889,293431,,,keep,not near-constant
M7,nan,0.63497,172452,,,keep,not near-constant
M8,nan,0.63496,172458,,,keep,not near-constant
M9,nan,0.63496,172458,,,keep,not near-constant
V1,nan,0.52065,226459,,,keep,not near-constant
V2,nan,0.52065,226459,,,keep,not near-constant
V3,nan,0.52065,226459,,,keep,not near-constant
V4,nan,0.52065,226459,,,keep,not near-constant
V5,nan,0.52065,226459,,,keep,not near-constant
V6,nan,0.52065,226459,,,keep,not near-constant
V7,nan,0.52065,226459,,,keep,not near-constant
V8,nan,0.52065,226459,,,keep,not near-constant
V9,nan,0.52065,226459,,,keep,not near-constant
V10,nan,0.52065,226459,,,keep,not near-constant
V11,nan,0.52065,226459,,,keep,not near-constant
V12,1.0,0.45432,257798,,,keep,not near-constant
V13,1.0,0.46644,252072,,,keep,not near-constant
V14,1.0,0.85896,66632,,,keep,not near-constant
V15,0.0,0.75269,116839,,,keep,not near-constant
V16,0.0,0.75264,116859,,,keep,not near-constant
V17,0.0,0.74783,119135,,,keep,not near-constant
V18,0.0,0.74776,119166,,,keep,not near-constant
V19,1.0,0.67641,152875,,,keep,not near-constant
V20,1.0,0.6702,155807,,,keep,not near-constant
V21,0.0,0.74852,118806,,,keep,not near-constant
V22,0.0,0.74845,118840,,,keep,not near-constant
V23,1.0,0.83333,78739,,,keep,not near-constant
V24,1.0,0.81635,86760,,,keep,not near-constant
V25,1.0,0.82848,81032,,,keep,not near-constant
V26,1.0,0.82481,82764,,,keep,not near-constant
V27,0.0,0.85876,66726,,,keep,not near-constant
V28,0.0,0.85876,66728,,,keep,not near-constant
V29,0.0,0.53639,219022,,,keep,not near-constant
V30,0.0,0.53422,220049,,,keep,not near-constant
V31,0.0,0.73937,123132,,,keep,not near-constant
V32,0.0,0.73932,123155,,,keep,not near-constant
V33,0.0,0.74673,119655,,,keep,not near-constant
V34,0.0,0.74218,121803,,,keep,not near-constant
V35,1.0,0.35469,304866,,,keep,not near-constant
V36,1.0,0.36357,300670,,,keep,not near-constant
V37,1.0,0.65954,160845,,,keep,not near-constant
V38,1.0,0.63833,170864,,,keep,not near-constant
V39,0.0,0.59444,191599,,,keep,not near-constant
V40,0.0,0.59414,191741,,,keep,not near-constant
V41,1.0,0.70352,140066,,,keep,not near-constant
V42,0.0,0.59521,191236,,,keep,not near-constant
V43,0.0,0.5949,191384,,,keep,not near-constant
V44,1.0,0.66376,158851,,,keep,not near-constant
V45,1.0,0.64636,167072,,,keep,not near-constant
V46,1.0,0.68792,147436,,,keep,not near-constant
V47,1.0,0.67828,151990,,,keep,not near-constant
V48,0.0,0.44433,262515,,,keep,not near-constant
V49,0.0,0.44343,262941,,,keep,not near-constant
V50,0.0,0.58438,196350,,,keep,not near-constant
V51,0.0,0.58776,194757,,,keep,not near-constant
V52,0.0,0.58461,196242,,,keep,not near-constant
V53,1.0,0.46427,253098,,,keep,not near-constant
V54,1.0,0.47804,246591,,,keep,not near-constant
V55,1.0,0.81855,85723,,,keep,not near-constant
V56,1.0,0.79175,98386,,,keep,not near-constant
V57,0.0,0.74841,118861,,,keep,not near-constant
V58,0.0,0.74802,119042,,,keep,not near-constant
V59,0.0,0.74918,118497,,,keep,not near-constant
V60,0.0,0.74869,118725,,,keep,not near-constant
V61,1.0,0.67493,153575,,,keep,not near-constant
V62,1.0,0.66597,157807,,,keep,not near-constant
V63,0.0,0.74977,118217,,,keep,not near-constant
V64,0.0,0.74924,118467,,,keep,not near-constant
V65,1.0,0.85812,67028,,,keep,not near-constant
V66,1.0,0.81903,85497,,,keep,not near-constant
V67,1.0,0.81191,88860,,,keep,not near-constant
V68,0.0,0.85798,67097,,,keep,not near-constant
V69,0.0,0.53504,219661,,,keep,not near-constant
V70,0.0,0.53293,220658,,,keep,not near-constant
V71,0.0,0.7405,122596,,,keep,not near-constant
V72,0.0,0.74011,122780,,,keep,not near-constant
V73,0.0,0.74158,122086,,,keep,not near-constant
V74,0.0,0.73664,124421,,,keep,not near-constant
V75,1.0,0.42684,270779,,,keep,not near-constant
V76,1.0,0.44158,263817,,,keep,not near-constant
V77,1.0,0.79065,98904,,,keep,not near-constant
V78,1.0,0.7645,111256,,,keep,not near-constant
V79,0.0,0.72403,130375,,,keep,not near-constant
V80,0.0,0.72113,131749,,,keep,not near-constant
V81,0.0,0.72103,131796,,,keep,not near-constant
V82,1.0,0.67037,155728,,,keep,not near-constant
V83,1.0,0.66112,160097,,,keep,not near-constant
V84,0.0,0.72199,131343,,,keep,not near-constant
V85,0.0,0.7218,131429,,,keep,not near-constant
V86,1.0,0.79484,96924,,,keep,not near-constant
V87,1.0,0.77299,107245,,,keep,not near-constant
V88,1.0,0.83466,78111,,,keep,not near-constant
V89,0.0,0.83464,78123,,,keep,not near-constant
V90,0.0,0.51152,230775,,,keep,not near-constant
V91,0.0,0.51041,231297,,,keep,not near-constant
V92,0.0,0.71008,136967,,,keep,not near-constant
V93,0.0,0.71007,136972,,,keep,not near-constant
V94,0.0,0.71847,133004,,,keep,not near-constant
V95,0.0,0.86935,61725,,,keep,not near-constant
V96,0.0,0.63526,172313,,,keep,not near-constant
V97,0.0,0.77781,104969,,,keep,not near-constant
V98,0.0,0.94822,24463,,,keep,not near-constant
V99,0.0,0.69821,142575,,,keep,not near-constant
V100,0.0,0.84877,71444,,,keep,not near-constant
V101,0.0,0.945,25983,,,keep,not near-constant
V102,0.0,0.91129,41911,,,keep,not near-constant
V103,0.0,0.9309,32647,,,keep,not near-constant
V104,0.0,0.95803,19830,,,keep,not near-constant
V105,0.0,0.93273,31779,,,keep,not near-constant
V106,0.0,0.94924,23982,,,keep,not near-constant
V107,1.0,0.9996,189,,,drop,"near-constant, only 189 rare rows"
V108,1.0,0.99517,2283,0.28033,7.979,keep,rescued: rare values linked to fraud
V109,1.0,0.98642,6416,,,keep,not near-constant
V110,1.0,0.99256,3515,0.19545,5.563,keep,rescued: rare values linked to fraud
V111,1.0,0.9971,1370,0.4635,13.192,keep,rescued: rare values linked to fraud
V112,1.0,0.99485,2431,0.29247,8.324,keep,rescued: rare values linked to fraud
V113,1.0,0.99652,1645,0.39514,11.246,keep,rescued: rare values linked to fraud
V114,1.0,0.99119,4163,0.19649,5.592,keep,rescued: rare values linked to fraud
V115,1.0,0.97192,13268,,,keep,not near-constant
V116,1.0,0.98586,6680,,,keep,not near-constant
V117,1.0,0.99878,578,0.31142,8.863,keep,rescued: rare values linked to fraud
V118,1.0,0.99825,827,0.22733,6.47,keep,rescued: rare values linked to fraud
V119,1.0,0.99865,638,0.28683,8.164,keep,rescued: rare values linked to fraud
V120,1.0,0.99839,759,0.13439,3.825,keep,rescued: rare values linked to fraud
V121,1.0,0.99589,1941,0.07264,2.068,keep,rescued: rare values linked to fraud
V122,1.0,0.99787,1006,0.10835,3.084,keep,rescued: rare values linked to fraud
V123,1.0,0.97488,11866,,,keep,not near-constant
V124,1.0,0.93036,32898,,,keep,not near-constant
V125,1.0,0.9619,18002,,,keep,not near-constant
V126,0.0,0.86935,61725,,,keep,not near-constant
V127,0.0,0.63526,172313,,,keep,not near-constant
V128,0.0,0.77781,104969,,,keep,not near-constant
V129,0.0,0.94822,24463,,,keep,not near-constant
V130,0.0,0.69821,142575,,,keep,not near-constant
V131,0.0,0.84877,71444,,,keep,not near-constant
V132,0.0,0.945,25983,,,keep,not near-constant
V133,0.0,0.91129,41911,,,keep,not near-constant
V134,0.0,0.9309,32647,,,keep,not near-constant
V135,0.0,0.95803,19830,,,keep,not near-constant
V136,0.0,0.93273,31779,,,keep,not near-constant
V137,0.0,0.94924,23982,,,keep,not near-constant
V138,nan,0.85246,69704,,,keep,not near-constant
V139,nan,0.85246,69704,,,keep,not near-constant
V140,nan,0.85246,69704,,,keep,not near-constant
V141,nan,0.85246,69704,,,keep,not near-constant
V142,nan,0.85246,69704,,,keep,not near-constant
V143,nan,0.85246,69704,,,keep,not near-constant
V144,nan,0.85246,69704,,,keep,not near-constant
V145,nan,0.85246,69704,,,keep,not near-constant
V146,nan,0.85246,69704,,,keep,not near-constant
V147,nan,0.85246,69704,,,keep,not near-constant
V148,nan,0.85246,69704,,,keep,not near-constant
V149,nan,0.85246,69704,,,keep,not near-constant
V150,nan,0.85246,69704,,,keep,not near-constant
V151,nan,0.85246,69704,,,keep,not near-constant
V152,nan,0.85246,69704,,,keep,not near-constant
V153,nan,0.85246,69704,,,keep,not near-constant
V154,nan,0.85246,69704,,,keep,not near-constant
V155,nan,0.85246,69704,,,keep,not near-constant
V156,nan,0.85246,69704,,,keep,not near-constant
V157,nan,0.85246,69704,,,keep,not near-constant
V158,nan,0.85246,69704,,,keep,not near-constant
V159,nan,0.85246,69704,,,keep,not near-constant
V160,nan,0.85246,69704,,,keep,not near-constant
V161,nan,0.85246,69704,,,keep,not near-constant
V162,nan,0.85246,69704,,,keep,not near-constant
V163,nan,0.85246,69704,,,keep,not near-constant
V164,nan,0.85246,69704,,,keep,not near-constant
V165,nan,0.85246,69704,,,keep,not near-constant
V166,nan,0.85246,69704,,,keep,not near-constant
V167,nan,0.75341,116499,,,keep,not near-constant
V168,nan,0.75341,116499,,,keep,not near-constant
V169,nan,0.75305,116665,,,keep,not near-constant
V170,nan,0.75305,116665,,,keep,not near-constant
V171,nan,0.75305,116665,,,keep,not near-constant
V172,nan,0.75341,116499,,,keep,not near-constant
V173,nan,0.75341,116499,,,keep,not near-constant
V174,nan,0.75305,116665,,,keep,not near-constant
V175,nan,0.75305,116665,,,keep,not near-constant
V176,nan,0.75341,116499,,,keep,not near-constant
V177,nan,0.75341,116499,,,keep,not near-constant
V178,nan,0.75341,116499,,,keep,not near-constant
V179,nan,0.75341,116499,,,keep,not near-constant
V180,nan,0.75305,116665,,,keep,not near-constant
V181,nan,0.75341,116499,,,keep,not near-constant
V182,nan,0.75341,116499,,,keep,not near-constant
V183,nan,0.75341,116499,,,keep,not near-constant
V184,nan,0.75305,116665,,,keep,not near-constant
V185,nan,0.75305,116665,,,keep,not near-constant
V186,nan,0.75341,116499,,,keep,not near-constant
V187,nan,0.75341,116499,,,keep,not near-constant
V188,nan,0.75305,116665,,,keep,not near-constant
V189,nan,0.75305,116665,,,keep,not near-constant
V190,nan,0.75341,116499,,,keep,not near-constant
V191,nan,0.75341,116499,,,keep,not near-constant
V192,nan,0.75341,116499,,,keep,not near-constant
V193,nan,0.75341,116499,,,keep,not near-constant
V194,nan,0.75305,116665,,,keep,not near-constant
V195,nan,0.75305,116665,,,keep,not near-constant
V196,nan,0.75341,116499,,,keep,not near-constant
V197,nan,0.75305,116665,,,keep,not near-constant
V198,nan,0.75305,116665,,,keep,not near-constant
V199,nan,0.75341,116499,,,keep,not near-constant
V200,nan,0.75305,116665,,,keep,not near-constant
V201,nan,0.75305,116665,,,keep,not near-constant
V202,nan,0.75341,116499,,,keep,not near-constant
V203,nan,0.75341,116499,,,keep,not near-constant
V204,nan,0.75341,116499,,,keep,not near-constant
V205,nan,0.75341,116499,,,keep,not near-constant
V206,nan,0.75341,116499,,,keep,not near-constant
V207,nan,0.75341,116499,,,keep,not near-constant
V208,nan,0.75305,116665,,,keep,not near-constant
V209,nan,0.75305,116665,,,keep,not near-constant
V210,nan,0.75305,116665,,,keep,not near-constant
V211,nan,0.75341,116499,,,keep,not near-constant
V212,nan,0.75341,116499,,,keep,not near-constant
V213,nan,0.75341,116499,,,keep,not near-constant
V214,nan,0.75341,116499,,,keep,not near-constant
V215,nan,0.75341,116499,,,keep,not near-constant
V216,nan,0.75341,116499,,,keep,not near-constant
V217,nan,0.7673,109935,,,keep,not near-constant
V218,nan,0.7673,109935,,,keep,not near-constant
V219,nan,0.7673,109935,,,keep,not near-constant
V220,nan,0.75019,118020,,,keep,not near-constant
V221,nan,0.75019,118020,,,keep,not near-constant
V222,nan,0.75019,118020,,,keep,not near-constant
V223,nan,0.7673,109935,,,keep,not near-constant
V224,nan,0.7673,109935,,,keep,not near-constant
V225,nan,0.7673,109935,,,keep,not near-constant
V226,nan,0.7673,109935,,,keep,not near-constant
V227,nan,0.75019,118020,,,keep,not near-constant
V228,nan,0.7673,109935,,,keep,not near-constant
V229,nan,0.7673,109935,,,keep,not near-constant
V230,nan,0.7673,109935,,,keep,not near-constant
V231,nan,0.7673,109935,,,keep,not near-constant
V232,nan,0.7673,109935,,,keep,not near-constant
V233,nan,0.7673,109935,,,keep,not near-constant
V234,nan,0.75019,118020,,,keep,not near-constant
V235,nan,0.7673,109935,,,keep,not near-constant
V236,nan,0.7673,109935,,,keep,not near-constant
V237,nan,0.7673,109935,,,keep,not near-constant
V238,nan,0.75019,118020,,,keep,not near-constant
V239,nan,0.75019,118020,,,keep,not near-constant
V240,nan,0.7673,109935,,,keep,not near-constant
V241,nan,0.7673,109935,,,keep,not near-constant
V242,nan,0.7673,109935,,,keep,not near-constant
V243,nan,0.7673,109935,,,keep,not near-constant
V244,nan,0.7673,109935,,,keep,not near-constant
V245,nan,0.75019,118020,,,keep,not near-constant
V246,nan,0.7673,109935,,,keep,not near-constant
V247,nan,0.7673,109935,,,keep,not near-constant
V248,nan,0.7673,109935,,,keep,not near-constant
V249,nan,0.7673,109935,,,keep,not near-constant
V250,nan,0.75019,118020,,,keep,not near-constant
V251,nan,0.75019,118020,,,keep,not near-constant
V252,nan,0.7673,109935,,,keep,not near-constant
V253,nan,0.7673,109935,,,keep,not near-constant
V254,nan,0.7673,109935,,,keep,not near-constant
V255,nan,0.75019,118020,,,keep,not near-constant
V256,nan,0.75019,118020,,,keep,not near-constant
V257,nan,0.7673,109935,,,keep,not near-constant
V258,nan,0.7673,109935,,,keep,not near-constant
V259,nan,0.75019,118020,,,keep,not near-constant
V260,nan,0.7673,109935,,,keep,not near-constant
V261,nan,0.7673,109935,,,keep,not near-constant
V262,nan,0.7673,109935,,,keep,not near-constant
V263,nan,0.7673,109935,,,keep,not near-constant
V264,nan,0.7673,109935,,,keep,not near-constant
V265,nan,0.7673,109935,,,keep,not near-constant
V266,nan,0.7673,109935,,,keep,not near-constant
V267,nan,0.7673,109935,,,keep,not near-constant
V268,nan,0.7673,109935,,,keep,not near-constant
V269,nan,0.7673,109935,,,keep,not near-constant
V270,nan,0.75019,118020,,,keep,not near-constant
V271,nan,0.75019,118020,,,keep,not near-constant
V272,nan,0.75019,118020,,,keep,not near-constant
V273,nan,0.7673,109935,,,keep,not near-constant
V274,nan,0.7673,109935,,,keep,not near-constant
V275,nan,0.7673,109935,,,keep,not near-constant
V276,nan,0.7673,109935,,,keep,not near-constant
V277,nan,0.7673,109935,,,keep,not near-constant
V278,nan,0.7673,109935,,,keep,not near-constant
V279,0.0,0.83793,76569,,,keep,not near-constant
V280,0.0,0.72345,130653,,,keep,not near-constant
V281,0.0,0.95009,23579,,,keep,not near-constant
V282,1.0,0.54642,214284,,,keep,not near-constant
V283,1.0,0.49323,239416,,,keep,not near-constant
V284,0.0,0.92495,35456,,,keep,not near-constant
V285,0.0,0.61225,183184,,,keep,not near-constant
V286,0.0,0.97006,14144,,,keep,not near-constant
V287,0.0,0.7973,95761,,,keep,not near-constant
V288,0.0,0.83321,78795,,,keep,not near-constant
V289,0.0,0.82876,80899,,,keep,not near-constant
V290,1.0,0.93557,30439,,,keep,not near-constant
V291,1.0,0.785,101571,,,keep,not near-constant
V292,1.0,0.88539,54145,,,keep,not near-constant
V293,0.0,0.92834,33856,,,keep,not near-constant
V294,0.0,0.88263,55448,,,keep,not near-constant
V295,0.0,0.9092,42899,,,keep,not near-constant
V296,0.0,0.91385,40701,,,keep,not near-constant
V297,0.0,0.95642,20589,,,keep,not near-constant
V298,0.0,0.92389,35959,,,keep,not near-constant
V299,0.0,0.94476,26095,,,keep,not near-constant
V300,0.0,0.96505,16510,,,keep,not near-constant
V301,0.0,0.96152,18181,,,keep,not near-constant
V302,0.0,0.75203,117150,,,keep,not near-constant
V303,0.0,0.75079,117736,,,keep,not near-constant
V304,0.0,0.75141,117444,,,keep,not near-constant
V305,1.0,0.99997,16,,,drop,"near-constant, only 16 rare rows"
V306,0.0,0.83793,76569,,,keep,not near-constant
V307,0.0,0.5483,213398,,,keep,not near-constant
V308,0.0,0.72345,130653,,,keep,not near-constant
V309,0.0,0.92495,35456,,,keep,not near-constant
V310,0.0,0.61225,183184,,,keep,not near-constant
V311,0.0,0.97006,14144,,,keep,not near-constant
V312,0.0,0.7973,95761,,,keep,not near-constant
V313,0.0,0.83321,78795,,,keep,not near-constant
V314,0.0,0.80617,91572,,,keep,not near-constant
V315,0.0,0.82876,80899,,,keep,not near-constant
V316,0.0,0.92834,33856,,,keep,not near-constant
V317,0.0,0.88263,55448,,,keep,not near-constant
V318,0.0,0.9092,42899,,,keep,not near-constant
V319,0.0,0.95642,20589,,,keep,not near-constant
V320,0.0,0.92389,35959,,,keep,not near-constant
V321,0.0,0.94476,26095,,,keep,not near-constant
V322,nan,0.85179,70021,,,keep,not near-constant
V323,nan,0.85179,70021,,,keep,not near-constant
V324,nan,0.85179,70021,,,keep,not near-constant
V325,nan,0.85179,70021,,,keep,not near-constant
V326,nan,0.85179,70021,,,keep,not near-constant
V327,nan,0.85179,70021,,,keep,not near-constant
V328,nan,0.85179,70021,,,keep,not near-constant
V329,nan,0.85179,70021,,,keep,not near-constant
V330,nan,0.85179,70021,,,keep,not near-constant
V331,nan,0.85179,70021,,,keep,not near-constant
V332,nan,0.85179,70021,,,keep,not near-constant
V333,nan,0.85179,70021,,,keep,not near-constant
V334,nan,0.85179,70021,,,keep,not near-constant
V335,nan,0.85179,70021,,,keep,not near-constant
V336,nan,0.85179,70021,,,keep,not near-constant
V337,nan,0.85179,70021,,,keep,not near-constant
V338,nan,0.85179,70021,,,keep,not near-constant
V339,nan,0.85179,70021,,,keep,not near-constant
id_01,nan,0.74501,120464,,,keep,not near-constant
id_02,nan,0.7509,117683,,,keep,not near-constant
id_03,nan,0.88551,54090,,,keep,not near-constant
id_04,nan,0.88551,54090,,,keep,not near-constant
id_05,nan,0.75766,114487,,,keep,not near-constant
id_06,nan,0.75766,114487,,,keep,not near-constant
id_07,nan,0.99098,4261,0.07839,2.231,keep,rescued: rare values linked to fraud
id_08,nan,0.99098,4261,0.07839,2.231,keep,rescued: rare values linked to fraud
id_09,nan,0.86959,61610,,,keep,not near-constant
id_10,nan,0.86959,61610,,,keep,not near-constant
id_11,nan,0.75066,117796,,,keep,not near-constant
id_12,nan,0.74501,120464,,,keep,not near-constant
id_13,nan,0.77739,105170,,,keep,not near-constant
id_14,nan,0.8556,68217,,,keep,not near-constant
id_15,nan,0.75066,117796,,,keep,not near-constant
id_16,nan,0.77104,108168,,,keep,not near-constant
id_17,nan,0.75301,116685,,,keep,not near-constant
id_18,nan,0.92079,37422,,,keep,not near-constant
id_19,nan,0.7531,116645,,,keep,not near-constant
id_20,nan,0.75314,116625,,,keep,not near-constant
id_21,nan,0.99098,4263,0.07835,2.23,keep,rescued: rare values linked to fraud
id_22,nan,0.99096,4273,0.07817,2.225,keep,rescued: rare values linked to fraud
id_23,nan,0.99096,4273,0.07817,2.225,keep,rescued: rare values linked to fraud
id_24,nan,0.99172,3914,0.08048,2.291,keep,rescued: rare values linked to fraud
id_25,nan,0.99101,4246,0.07819,2.225,keep,rescued: rare values linked to fraud
id_26,nan,0.99097,4267,0.07804,2.221,keep,rescued: rare values linked to fraud
id_27,nan,0.99096,4273,0.07817,2.225,keep,rescued: rare values linked to fraud
id_28,nan,0.75066,117796,,,keep,not near-constant
id_29,nan,0.75066,117796,,,keep,not near-constant
id_30,nan,0.86011,66089,,,keep,not near-constant
id_31,nan,0.75137,117463,,,keep,not near-constant
id_32,nan,0.86006,66110,,,keep,not near-constant
id_33,nan,0.86916,61813,,,keep,not near-constant
id_34,nan,0.85995,66164,,,keep,not near-constant
id_35,nan,0.75066,117796,,,keep,not near-constant
id_36,nan,0.75066,117796,,,keep,not near-constant
id_37,nan,0.75066,117796,,,keep,not near-constant
id_38,nan,0.75066,117796,,,keep,not near-constant
DeviceType,nan,0.75099,117638,,,keep,not near-constant
DeviceInfo,nan,0.78931,99536,,,keep,not near-constant
has_identity,0,0.74501,120464,,,keep,not near-constant
